{"cameraMode":{"drawMode":0,"name":"Shaded","section":"Shading Mode"},"sceneLighting":true,"audioPlay":false,"sceneViewState":{"m_AlwaysRefresh":false,"showFog":true,"showSkybox":true,"showFlares":true,"showImageEffects":true,"showParticleSystems":true,"showVisualEffectGraphs":true,"m_FxEnabled":true},"in2DMode":false,"pivot":{"x":-1.6433454751968384,"y":-6.145410537719727,"z":20.610942840576173},"rotation":{"x":-0.28413477540016177,"y":0.10243740677833557,"z":-0.030545080080628396,"w":-0.9528138637542725},"size":10.670771598815918,"orthographic":false}