{"cameraMode":{"drawMode":0,"name":"Shaded","section":"Shading Mode"},"sceneLighting":true,"audioPlay":false,"sceneViewState":{"m_AlwaysRefresh":false,"showFog":true,"showSkybox":true,"showFlares":true,"showImageEffects":true,"showParticleSystems":true,"showVisualEffectGraphs":true,"m_FxEnabled":true},"in2DMode":false,"pivot":{"x":-2.4592323303222658,"y":0.553691029548645,"z":0.006365060806274414},"rotation":{"x":-0.16278286278247834,"y":0.49276983737945559,"z":-0.09441486746072769,"w":-0.8495734333992004},"size":1.5384347438812256,"orthographic":false}